{
    "id_pdv": {
        "data_type" : "string",
        "business_name" :"Identificador del punto de venta"
        },
    "nombre": {
        "data_type" : "string",
        "business_name" :"Nombre comercial del punto de venta"
    },
    "estado": {
        "data_type" : "string",
        "business_name" :"Estado"
    },
    "ciudad": {
        "data_type" : "string",
        "business_name" :"Ciudad"
    },
    "cp": {
        "data_type" : "int",
        "business_name" :"Código postal" 
    }
}