
{
    "id_exhibidor": {
        "data_type" : "string",
        "business_name" :"Identificador del exhibidor"
        },
    "id_pdv": {
        "data_type" : "string",
        "business_name" :"Identificador del punto de venta"
    },
    "estado_fisico": {
        "data_type" : "string",
        "business_name" :"Estado físico en el que se encuentra el exhibidor"
    },
    "largo": {
        "data_type" : "float",
        "business_name" :"largo del exhibidor en centímetros"
    },
    "alto": {
        "data_type" : "float",
        "business_name" :"alto del exhibidor en centímetros" 
    }
}